<?xml version="1.0" encoding="UTF-8" standalone="yes"?>
<addon id="plugin.program.treadstone" name="[B][COLOR ghostwhite]TREADSTONE[/COLOR][/B]" version="10.8.17" provider-name="[COLOR ghostwhite]Bourne[/COLOR]">
  <requires>
    <import addon="xbmc.python" version="2.1.0"/>
  </requires>
  <extension point="xbmc.python.pluginsource" library="default.py">
    <provides>executable</provides>
  </extension>
  <extension point="xbmc.service" library="startup.py" start="startup" />
  <extension point="xbmc.addon.metadata">
    <summary lang="en">Operation: Treadstone 71</summary>
    <description lang="en">To access the following files in here,  you need SCI-5 Clearance granted by CIA (SAD). 
    Special Activities Division can declassify this file to give you full access. 

     "I know who I am. I remember everything". 
     </description>
    <platform>all</platform>
    <assets>
			<icon>resources/art/icon.png</icon>
			<fanart>resources/art/fanart.jpg</fanart>
			<screenshot>resources/art/screenshots/1.png </screenshot>
			<screenshot>resources/art/screenshots/2.png </screenshot>
			<screenshot>resources/art/screenshots/3.png </screenshot>
			<screenshot>resources/art/screenshots/4.png </screenshot>
			<screenshot>resources/art/screenshots/5.png </screenshot>
		</assets>
  </extension>
</addon>