<?xml version="1.0" encoding="UTF-8" standalone="yes"?>
<addon id="plugin.program.treadstone" name="[B][COLOR ghostwhite]OPERATION TREADSTONE[/COLOR][/B]" version="5.8.17" provider-name="[COLOR ghostwhite]Bourne[/COLOR]">
  <requires>
    <import addon="xbmc.python" version="2.1.0"/>
  </requires>
  <extension point="xbmc.python.pluginsource" library="default.py">
    <provides>executable</provides>
  </extension>
  <extension point="xbmc.service" library="startup.py" start="startup" />
  <extension point="xbmc.addon.metadata">
    <summary lang="en">Operation Treadstone</summary>
    <description lang="en">Operation Treadstone lets you access declassified custom builds created by Bourne.</description>
    <platform>all</platform>
  </extension>
</addon>