<?xml version="1.0" encoding="UTF-8"?>
<addon id="repository.treadstone" name="[B][COLOR ghostwhite]Operation Treadstone[/COLOR][/B]" version="0.0.17" provider-name="[COLOR ghostwhite]Bourne[/COLOR]">
	<extension point="xbmc.addon.repository" 
		name="TR3ADSTONE's SCI LEVEL-5 Repository">
        <dir minversion="14.0.0">
        	<info compressed="false">https://github.com/TR3ADSTONE/repository.treadstone/raw/master/treadstone-addons.xml</info>
        	<checksum>https://github.com/TR3ADSTONE/repository.treadstone/raw/master/treadstone-addons.xml.md5</checksum>
        	<datadir zip="true">https://raw.github.com/TR3ADSTONE/repository.treadstone/master/zips</datadir>
        </dir>
    </extension>
    <extension point="xbmc.addon.metadata">
        <summary lang="en">[COLOR ghostwhite]Treadstone[/COLOR]'s  Add-on Repository</summary>
        <summary lang="nl">[COLOR ghostwhite]Treadstone[/COLOR]'s  Add-on Repository</summary>

		<description lang="en">To enter this storage SCI Level 5 clearence is required by CIA, Special Activities Devision 
		This storage provides 3th party additions which are running under Treadstone and Blackbriar Operations.</description>
		<description lang="nl">Om deze opslag te betredem, is SCI Level 5 clearence vereist door CIA, Special Activities Devision
        Deze opslag omvat toevoegingen van 3de partijten die worden vertegenwoordigd door Treadstone en Blackbrair operaties.</description>

		<disclaimer lang="en">Operation Treadstone 71 does not host or share any content, nor are they affiliated with any of the content of providers.</disclaimer>
		<disclaimer lang="nl">Operation Treadstone 71 host of deelt geen inhoud, noch zijn ze verbonden met de inhoud van providers.</disclaimer>

		<platform>all</platform>
			<assets>
				<icon>resources/art/icon.png</icon>
				<fanart>resources/art/fanart.jpg</fanart>
				<screenshot>resources/screenshots/01.jpg</screenshot>
				<screenshot>resources/screenshots/02.jpg</screenshot>
				<screenshot>resources/screenshots/03.jpg</screenshot>
			</assets>
		<license>GNU GENERAL PUBLIC LICENSE. Version 3, June 2007</license>
		<website>https://tr3adst.one</website>
		<source>https://explorer.tr3adst.one</source>
		<contact>https://www.facebook.com/groups/TR3ADSTONE</contact>
		<news>SCI LEVEL-5 @TR3ADSTONE</news>
		<email>admin@tr3adst.one</email>
    </extension>
</addon>